scenario,wacc,terminal_growth,pv_explicit,pv_terminal,enterprise_value,equity_value,value_per_share_aud,tv_share_of_ev
Base — steady premiumisation,0.07659999999999999,0.025,2293.9986646190655,8396.379739749902,10690.378404368967,8920.378404368967,11.012812844899958,0.7854146431634685
Bull — China luxury re-acceleration,0.07659999999999999,0.025,2500.35305847961,9763.669284187294,12264.022342666904,10494.022342666904,12.955583139094943,0.7961229204727713
Bear — margin squeeze (US/domestic),0.07659999999999999,0.025,2064.896362730033,7088.806126345645,9153.702489075678,7383.702489075678,9.115682085278616,0.7744195460586197
