scenario,wacc,terminal_growth,pv_explicit,pv_terminal,enterprise_value,equity_value,value_per_share_aud,tv_share_of_ev
Base — steady premiumisation,0.07197499999999998,0.025,1974.7818146721384,8029.882374554861,10004.664189226998,8304.664189226998,10.25267183855185,0.802613883152762
Bull — China luxury re-acceleration,0.07197499999999998,0.025,2157.7535543382446,9386.786963105196,11544.540517443442,9844.540517443442,12.153753725238817,0.8130931628610124
Bear — domestic margin squeeze,0.07197499999999998,0.025,1767.6391215452104,6717.288403260813,8484.927524806022,6784.927524806022,8.376453734328422,0.7916730441860056
